{"cameraMode":{"drawMode":0,"name":"Shaded","section":"Shading Mode"},"sceneLighting":true,"audioPlay":false,"sceneViewState":{"m_AlwaysRefresh":false,"showFog":true,"showSkybox":true,"showFlares":true,"showImageEffects":true,"showParticleSystems":true,"showVisualEffectGraphs":true,"m_FxEnabled":true},"in2DMode":false,"pivot":{"x":1.9950000047683716,"y":4.829999923706055,"z":3.6009998321533205},"rotation":{"x":0.0036372605245560409,"y":0.9923191070556641,"z":-0.03008602187037468,"w":0.11995606869459152},"size":0.0005173440440557897,"orthographic":false}