{"cameraMode":{"drawMode":0,"name":"Shaded","section":"Shading Mode"},"sceneLighting":true,"audioPlay":false,"sceneViewState":{"m_AlwaysRefresh":false,"showFog":true,"showSkybox":true,"showFlares":true,"showImageEffects":true,"showParticleSystems":true,"showVisualEffectGraphs":true,"m_FxEnabled":true},"in2DMode":false,"pivot":{"x":1.7278022766113282,"y":5.510803699493408,"z":3.218583345413208},"rotation":{"x":0.0036372605245560409,"y":0.9923191070556641,"z":-0.03008602187037468,"w":0.11995606869459152},"size":1.8354660272598267,"orthographic":false}